Date,Close
12/31/2019,157.7
12/30/2019,157.59
12/27/2019,158.96
12/26/2019,158.67
12/24/2019,157.38
12/23/2019,157.41
12/20/2019,157.41
12/19/2019,155.71
12/18/2019,154.37
12/17/2019,154.69
12/16/2019,155.53
12/13/2019,154.53
12/12/2019,153.24
12/11/2019,151.7
12/10/2019,151.13
12/9/2019,151.36
12/6/2019,151.75
12/5/2019,149.93
12/4/2019,149.85
12/3/2019,149.31
12/2/2019,149.55
11/29/2019,151.38
11/27/2019,152.32
11/26/2019,152.03
11/25/2019,151.23
11/22/2019,149.59
11/21/2019,149.48
11/20/2019,149.62
11/19/2019,150.39
11/18/2019,150.34
11/15/2019,149.97
11/14/2019,148.06
11/13/2019,147.31
11/12/2019,147.07
11/11/2019,146.11
11/8/2019,145.96
11/7/2019,144.26
11/6/2019,144.06
11/5/2019,144.46
11/4/2019,144.55
11/1/2019,143.72
10/31/2019,143.37
10/30/2019,144.61
10/29/2019,142.83
10/28/2019,144.19
10/25/2019,140.73
10/24/2019,139.94
10/23/2019,137.24
10/22/2019,136.37
10/21/2019,138.43
10/18/2019,137.41
10/17/2019,139.69
10/16/2019,140.41
10/15/2019,141.58
10/14/2019,139.55
10/11/2019,139.68
10/10/2019,139.1
10/9/2019,138.24
10/8/2019,135.67
10/7/2019,137.12
10/4/2019,138.12
10/3/2019,136.28
10/2/2019,134.65
10/1/2019,137.07
09/30/2019,139.03
09/27/2019,137.73
09/26/2019,139.54
09/25/2019,139.36
09/24/2019,137.38
09/23/2019,139.14
09/20/2019,139.44
09/19/2019,141.07
09/18/2019,138.52
09/17/2019,137.39
09/16/2019,136.33
09/13/2019,137.32
9/12/2019,137.52
9/11/2019,136.12
9/10/2019,136.08
9/9/2019,137.52
9/6/2019,139.1
9/5/2019,140.05
9/4/2019,137.63
9/3/2019,136.04
08/30/2019,137.86
08/29/2019,138.12
08/28/2019,135.56
08/27/2019,135.74
08/26/2019,135.45
08/23/2019,133.39
08/22/2019,137.78
08/21/2019,138.79
08/20/2019,137.26
08/19/2019,138.41
08/16/2019,136.13
08/15/2019,133.68
08/14/2019,133.98
08/13/2019,138.6
8/12/2019,135.79
8/9/2019,137.71
8/8/2019,138.89
8/7/2019,135.28
8/6/2019,134.69
8/5/2019,132.21
8/2/2019,136.9
8/1/2019,138.06
07/31/2019,136.27
07/30/2019,140.35
07/29/2019,141.03
07/26/2019,141.34
07/25/2019,140.19
07/24/2019,140.72
07/23/2019,139.29
07/22/2019,138.43
07/19/2019,136.62
07/18/2019,136.42
07/17/2019,136.27
07/16/2019,137.08
07/15/2019,138.9
7/12/2019,138.9
7/11/2019,138.4
7/10/2019,137.85
7/9/2019,136.46
7/8/2019,136.96
7/5/2019,137.06
7/3/2019,137.46
7/2/2019,136.58
7/1/2019,135.68
06/28/2019,133.96
06/27/2019,134.15
06/26/2019,133.93
06/25/2019,133.43
06/24/2019,137.78
06/21/2019,136.97
06/20/2019,136.95
06/19/2019,135.69
06/18/2019,135.16
06/17/2019,132.85
06/14/2019,132.45
06/13/2019,132.32
6/12/2019,131.49
6/11/2019,132.1
6/10/2019,132.6
6/7/2019,131.4
6/6/2019,127.82
6/5/2019,125.83
6/4/2019,123.16
6/3/2019,119.84
05/31/2019,123.68
05/30/2019,125.73
05/29/2019,124.94
05/28/2019,126.16
05/24/2019,126.24
05/23/2019,126.18
05/22/2019,127.67
05/21/2019,126.9
05/20/2019,126.22
05/17/2019,128.07
05/16/2019,128.93
05/15/2019,126.02
05/14/2019,124.73
05/13/2019,123.35
5/10/2019,127.13
5/9/2019,125.5
5/8/2019,125.51
5/7/2019,125.52
5/6/2019,128.15
5/3/2019,128.9
5/2/2019,126.21
5/1/2019,127.88
04/30/2019,130.6
04/29/2019,129.77
04/26/2019,129.89
04/25/2019,129.15
04/24/2019,125.01
04/23/2019,125.44
04/22/2019,123.76
04/18/2019,123.37
04/17/2019,121.77
04/16/2019,120.77
04/15/2019,121.05
4/12/2019,120.95
4/11/2019,120.33
4/10/2019,120.19
4/9/2019,119.28
4/8/2019,119.93
4/5/2019,119.89
4/4/2019,119.36
4/3/2019,119.97
4/2/2019,119.19
4/1/2019,119.02
03/29/2019,117.94
03/28/2019,116.93
03/27/2019,116.77
03/26/2019,117.91
03/25/2019,117.66
03/22/2019,117.05
03/21/2019,120.22
03/20/2019,117.52
03/19/2019,117.65
03/18/2019,117.57
03/15/2019,115.91
03/14/2019,114.59
03/13/2019,114.5
3/12/2019,113.62
3/11/2019,112.83
3/8/2019,110.51
3/7/2019,110.39
3/6/2019,111.75
3/5/2019,111.7
3/4/2019,112.26
3/1/2019,112.53
02/28/2019,112.03
02/27/2019,112.17
02/26/2019,112.36
02/25/2019,111.59
02/22/2019,110.97
02/21/2019,109.41
02/20/2019,107.15
02/19/2019,108.17
02/15/2019,108.22
02/14/2019,106.9
02/13/2019,106.81
2/12/2019,106.89
2/11/2019,105.25
2/8/2019,105.67
2/7/2019,105.27
2/6/2019,106.03
2/5/2019,107.22
2/4/2019,105.74
2/1/2019,102.78
01/31/2019,104.43
01/30/2019,106.38
01/29/2019,102.94
01/28/2019,105.08
01/25/2019,107.17
01/24/2019,106.2
01/23/2019,106.71
01/22/2019,105.68
01/18/2019,107.71
01/17/2019,106.12
01/16/2019,105.38
01/15/2019,105.01
01/14/2019,102.05
1/11/2019,102.8
1/10/2019,103.6
1/9/2019,104.27
1/8/2019,102.8
1/7/2019,102.06
1/4/2019,101.93
1/3/2019,97.4
1/2/2019,101.12
12/31/2018,101.57
12/28/2018,100.39
12/27/2018,101.18
12/26/2018,100.56
12/24/2018,94.13
12/21/2018,98.23
12/20/2018,101.51
12/19/2018,103.69
12/18/2018,103.97
12/17/2018,102.89
12/14/2018,106.03
12/13/2018,109.45
12/12/2018,109.08
12/11/2018,108.59
12/10/2018,107.59
12/7/2018,104.82
12/6/2018,109.19
12/4/2018,108.52
12/3/2018,112.09
11/30/2018,110.89
11/29/2018,110.19
11/28/2018,111.12
11/27/2018,107.14
11/26/2018,106.47
11/23/2018,103.07
11/21/2018,103.11
11/20/2018,101.71
11/19/2018,104.62
11/16/2018,108.29
11/15/2018,107.28
11/14/2018,104.97
11/13/2018,106.94
11/12/2018,106.87
11/9/2018,109.57
11/8/2018,111.75
11/7/2018,111.96
11/6/2018,107.72
11/5/2018,107.51
11/2/2018,106.16
11/1/2018,105.92
10/31/2018,106.81
10/30/2018,103.73
10/29/2018,103.85
10/26/2018,106.96
10/25/2018,108.3
10/24/2018,102.32
10/23/2018,108.1
10/22/2018,109.63
10/19/2018,108.66
10/18/2018,108.5
10/17/2018,110.71
10/16/2018,111
10/15/2018,107.6
10/12/2018,109.57
10/11/2018,105.91
10/10/2018,106.16
10/9/2018,112.26
10/8/2018,110.85
10/5/2018,112.13
10/4/2018,112.79
10/3/2018,115.17
10/2/2018,115.15
10/1/2018,115.61
09/28/2018,114.37
09/27/2018,114.41
09/26/2018,113.98
09/25/2018,114.45
09/24/2018,114.67
09/21/2018,114.26
09/20/2018,113.57
09/19/2018,111.7
09/18/2018,113.21
09/17/2018,112.14
09/14/2018,113.37
09/13/2018,112.91
9/12/2018,111.71
9/11/2018,111.24
9/10/2018,109.38
9/7/2018,108.21
9/6/2018,108.74
9/5/2018,108.49
9/4/2018,111.71
08/31/2018,112.33
08/30/2018,111.95
08/29/2018,112.02
08/28/2018,110.26
08/27/2018,109.6
08/24/2018,108.4
08/23/2018,107.56
08/22/2018,107.06
08/21/2018,105.98
08/20/2018,106.87
08/17/2018,107.58
08/16/2018,107.64
08/15/2018,107.66
08/14/2018,109.56
08/13/2018,108.21
8/10/2018,109
8/9/2018,109.67
8/8/2018,109.49
8/7/2018,108.88
8/6/2018,108.13
8/3/2018,108.04
8/2/2018,107.57
8/1/2018,106.28
07/31/2018,106.08
07/30/2018,105.37
07/27/2018,107.68
07/26/2018,109.62
07/25/2018,110.83
07/24/2018,107.66
07/23/2018,107.97
07/20/2018,106.27
07/19/2018,104.4
07/18/2018,105.12
07/17/2018,105.95
07/16/2018,104.91
07/13/2018,105.43
7/12/2018,104.19
7/11/2018,101.98
7/10/2018,102.12
7/9/2018,101.85
7/6/2018,101.16
7/5/2018,99.76
7/3/2018,99.05
7/2/2018,100.01
06/29/2018,98.61
06/28/2018,98.63
06/27/2018,97.54
06/26/2018,99.08
06/25/2018,98.39
06/22/2018,100.41
06/21/2018,101.14
06/20/2018,101.87
06/19/2018,100.86
06/18/2018,100.86
06/15/2018,100.13
06/14/2018,101.42
06/13/2018,100.85
6/12/2018,101.31
6/11/2018,101.05
6/8/2018,101.63
6/7/2018,100.88
6/6/2018,102.49
6/5/2018,102.19
6/4/2018,101.67
6/1/2018,100.79
05/31/2018,98.84
05/30/2018,98.95
05/29/2018,98.01
05/25/2018,98.36
05/24/2018,98.31
05/23/2018,98.66
05/22/2018,97.5
05/21/2018,97.6
05/18/2018,96.36
05/17/2018,96.18
05/16/2018,97.15
05/15/2018,97.32
05/14/2018,98.03
5/11/2018,97.7
5/10/2018,97.91
5/9/2018,96.94
5/8/2018,95.81
5/7/2018,96.22
5/4/2018,95.16
5/3/2018,94.07
5/2/2018,93.51
5/1/2018,95
04/30/2018,93.52
04/27/2018,95.82
04/26/2018,94.26
04/25/2018,92.31
04/24/2018,93.12
04/23/2018,95.35
04/20/2018,95
04/19/2018,96.11
04/18/2018,96.44
04/17/2018,96.07
04/16/2018,94.17
04/13/2018,93.08
4/12/2018,93.58
4/11/2018,91.86
4/10/2018,92.88
4/9/2018,90.77
4/6/2018,90.23
4/5/2018,92.38
4/4/2018,92.33
4/3/2018,89.71
4/2/2018,88.52
03/29/2018,91.27
03/28/2018,89.39
03/27/2018,89.47
03/26/2018,93.78
03/23/2018,87.18
03/22/2018,89.79
03/21/2018,92.48
03/20/2018,93.13
03/19/2018,92.89
03/16/2018,94.6
03/15/2018,94.18
03/14/2018,93.85
03/13/2018,94.41
3/12/2018,96.77
3/9/2018,96.54
3/8/2018,94.43
3/7/2018,93.86
3/6/2018,93.32
3/5/2018,93.64
3/2/2018,93.05
3/1/2018,92.85
02/28/2018,93.77
02/27/2018,94.2
02/26/2018,95.42
02/23/2018,94.06
02/22/2018,91.73
02/21/2018,91.49
02/20/2018,92.72
02/16/2018,92
02/15/2018,92.66
02/14/2018,90.81
02/13/2018,89.83
2/12/2018,89.13
2/9/2018,88.18
2/8/2018,85.01
2/7/2018,89.61
2/6/2018,91.33
2/5/2018,88
2/2/2018,91.78
2/1/2018,94.26
01/31/2018,95.01
01/30/2018,92.74
01/29/2018,93.92
01/26/2018,94.06
01/25/2018,92.33
01/24/2018,91.82
01/23/2018,91.9
01/22/2018,91.61
01/19/2018,90
01/18/2018,90.1
01/17/2018,90.14
01/16/2018,88.35
1/12/2018,89.6
1/11/2018,88.08
1/10/2018,87.82
1/9/2018,88.22
1/8/2018,88.28
1/5/2018,88.19
1/4/2018,87.11
1/3/2018,86.35
1/2/2018,85.95
12/29/2017,85.54
12/28/2017,85.72
12/27/2017,85.71
12/26/2017,85.4
12/22/2017,85.51
12/21/2017,85.5
12/20/2017,85.52
12/19/2017,85.83
12/18/2017,86.38
12/15/2017,86.85
12/14/2017,84.69
12/13/2017,85.35
12/12/2017,85.58
12/11/2017,85.23
12/8/2017,84.16
12/7/2017,82.49
12/6/2017,82.78
12/5/2017,81.59
12/4/2017,81.08
12/1/2017,84.26
11/30/2017,84.17
11/29/2017,83.34
11/28/2017,84.88
11/27/2017,83.87
11/24/2017,83.26
11/22/2017,83.11
11/21/2017,83.72
11/20/2017,82.53
11/17/2017,82.4
11/16/2017,83.2
11/15/2017,82.98
11/14/2017,84.05
11/13/2017,83.93
11/10/2017,83.87
11/9/2017,84.09
11/8/2017,84.56
11/7/2017,84.27
11/6/2017,84.47
11/3/2017,84.14
11/2/2017,84.05
11/1/2017,83.18
10/31/2017,83.18
10/30/2017,83.89
10/27/2017,83.81
10/26/2017,78.76
10/25/2017,78.63
10/24/2017,78.86
10/23/2017,78.83
10/20/2017,78.81
10/19/2017,77.91
10/18/2017,77.61
10/17/2017,77.59
10/16/2017,77.65
10/13/2017,77.49
10/12/2017,77.12
10/11/2017,76.42
10/10/2017,76.29
10/9/2017,76.29
10/6/2017,76
10/5/2017,75.97
10/4/2017,74.69
10/3/2017,74.26
10/2/2017,74.61
09/29/2017,74.49
09/28/2017,73.87
09/27/2017,73.85
09/26/2017,73.26
09/25/2017,73.26
09/22/2017,74.41
09/21/2017,74.21
09/20/2017,74.94
09/19/2017,75.44
09/18/2017,75.16
09/15/2017,75.31
09/14/2017,74.77
09/13/2017,75.21
9/12/2017,74.68
9/11/2017,74.76
9/8/2017,73.98
9/7/2017,74.34
9/6/2017,73.4
9/5/2017,73.61
9/1/2017,73.94
08/31/2017,74.77
08/30/2017,74.01
08/29/2017,73.05
08/28/2017,72.83
08/25/2017,72.82
08/24/2017,72.69
08/23/2017,72.72
08/22/2017,73.16
08/21/2017,72.15
08/18/2017,72.49
08/17/2017,72.4
08/16/2017,73.65
08/15/2017,73.22
08/14/2017,73.59
8/11/2017,72.5
8/10/2017,71.41
8/9/2017,72.47
8/8/2017,72.79
8/7/2017,72.4
8/4/2017,72.68
8/3/2017,72.15
8/2/2017,72.26
8/1/2017,72.58
07/31/2017,72.7
07/28/2017,73.04
07/27/2017,73.16
07/26/2017,74.05
07/25/2017,74.19
07/24/2017,73.6
07/21/2017,73.79
07/20/2017,74.22
07/19/2017,73.86
07/18/2017,73.3
07/17/2017,73.35
07/14/2017,72.78
07/13/2017,71.77
7/12/2017,71.15
7/11/2017,69.99
7/10/2017,69.98
7/7/2017,69.46
7/6/2017,68.57
7/5/2017,69.08
7/3/2017,68.17
06/30/2017,68.93
06/29/2017,68.49
06/28/2017,69.8
06/27/2017,69.21
06/26/2017,70.53
06/23/2017,71.21
06/22/2017,70.26
06/21/2017,70.27
06/20/2017,69.91
06/19/2017,70.87
06/16/2017,70
06/15/2017,69.9
06/14/2017,70.27
06/13/2017,70.65
6/12/2017,69.78
6/9/2017,70.32
6/8/2017,71.95
6/7/2017,72.39
6/6/2017,72.52
6/5/2017,72.28
6/2/2017,71.76
6/1/2017,70.1
05/31/2017,69.84
05/30/2017,70.41
05/26/2017,69.96
05/25/2017,69.62
05/24/2017,68.77
05/23/2017,68.68
05/22/2017,68.45
05/19/2017,67.69
05/18/2017,67.71
05/17/2017,67.48
05/16/2017,69.41
05/15/2017,68.43
5/12/2017,68.38
5/11/2017,68.46
5/10/2017,69.31
5/9/2017,69.04
5/8/2017,68.94
5/5/2017,69
5/4/2017,68.81
5/3/2017,69.08
5/2/2017,69.3
5/1/2017,69.41
04/28/2017,68.46
04/27/2017,68.27
04/26/2017,67.83
04/25/2017,67.92
04/24/2017,67.53
04/21/2017,66.4
04/20/2017,65.5
04/19/2017,65.04
04/18/2017,65.39
04/17/2017,65.48
04/13/2017,64.95
4/12/2017,65.23
4/11/2017,65.48
4/10/2017,65.53
4/7/2017,65.68
4/6/2017,65.73
4/5/2017,65.56
4/4/2017,65.73
4/3/2017,65.55
03/31/2017,65.86
03/30/2017,65.71
03/29/2017,65.47
03/28/2017,65.29
03/27/2017,65.1
03/24/2017,64.98
03/23/2017,64.87
03/22/2017,65.03
03/21/2017,64.21
03/20/2017,64.93
03/17/2017,64.87
03/16/2017,64.64
03/15/2017,64.75
03/14/2017,64.41
03/13/2017,64.71
3/10/2017,64.93
3/9/2017,64.73
3/8/2017,64.99
3/7/2017,64.4
3/6/2017,64.27
3/3/2017,64.25
3/2/2017,64.01
3/1/2017,64.94
02/28/2017,63.98
02/27/2017,64.23
02/24/2017,64.62
02/23/2017,64.62
02/22/2017,64.36
02/21/2017,64.49
02/17/2017,64.62
02/16/2017,64.52
02/15/2017,64.53
02/14/2017,64.57
02/13/2017,64.72
2/10/2017,64
2/9/2017,64.06
2/8/2017,63.34
2/7/2017,63.43
2/6/2017,63.64
2/3/2017,63.68
2/2/2017,63.17
2/1/2017,63.58
01/31/2017,64.65
01/30/2017,65.13
01/27/2017,65.78
01/26/2017,64.27
01/25/2017,63.68
01/24/2017,63.52
01/23/2017,62.96
01/20/2017,62.74
01/19/2017,62.3
01/18/2017,62.5
01/17/2017,62.53
01/13/2017,62.7
1/12/2017,62.61
1/11/2017,63.19
1/10/2017,62.62
1/9/2017,62.64
1/6/2017,62.84
1/5/2017,62.3
1/4/2017,62.3
1/3/2017,62.58
12/30/2016,62.14
12/29/2016,62.9
12/28/2016,62.99
12/27/2016,63.28
12/23/2016,63.24
12/22/2016,63.55
12/21/2016,63.54
12/20/2016,63.54
12/19/2016,63.62
12/16/2016,62.3
12/15/2016,62.58
12/14/2016,62.68
12/13/2016,62.98
12/12/2016,62.17
12/9/2016,61.97
12/8/2016,61.01
12/7/2016,61.37
12/6/2016,59.95
12/5/2016,60.22
12/2/2016,59.25
12/1/2016,59.2
11/30/2016,60.26
11/29/2016,61.09
11/28/2016,60.61
11/25/2016,60.53
11/23/2016,60.4
11/22/2016,61.12
11/21/2016,60.86
11/18/2016,60.35
11/17/2016,60.64
11/16/2016,59.65
11/15/2016,58.87
11/14/2016,58.12
11/11/2016,59.02
11/10/2016,58.7
11/9/2016,60.17
11/8/2016,60.47
11/7/2016,60.42
11/4/2016,58.71
11/3/2016,59.21
11/2/2016,59.43
11/1/2016,59.8
10/31/2016,59.92
10/28/2016,59.87
10/27/2016,60.1
10/26/2016,60.63
10/25/2016,60.99
10/24/2016,61
10/21/2016,59.66
10/20/2016,57.25
10/19/2016,57.53
10/18/2016,57.66
10/17/2016,57.22
10/14/2016,57.42
10/13/2016,56.92
10/12/2016,57.11
10/11/2016,57.19
10/10/2016,58.04
10/7/2016,57.8
10/6/2016,57.74
10/5/2016,57.64
10/4/2016,57.24
10/3/2016,57.42
09/30/2016,57.6
09/29/2016,57.4
09/28/2016,58.03
09/27/2016,57.95
09/26/2016,56.9
09/23/2016,57.43
09/22/2016,57.82
09/21/2016,57.76
09/20/2016,56.81
09/19/2016,56.93
09/16/2016,57.25
09/15/2016,57.19
09/14/2016,56.26
09/13/2016,56.53
9/12/2016,57.05
9/9/2016,56.21
9/8/2016,57.43
9/7/2016,57.66
9/6/2016,57.61
9/2/2016,57.67
9/1/2016,57.59
08/31/2016,57.46
08/30/2016,57.89
08/29/2016,58.1
08/26/2016,58.03
08/25/2016,58.17
08/24/2016,57.95
08/23/2016,57.89
08/22/2016,57.67
08/19/2016,57.62
08/18/2016,57.6
08/17/2016,57.56
08/16/2016,57.44
08/15/2016,58.12
8/12/2016,57.94
8/11/2016,58.3
8/10/2016,58.02
8/9/2016,58.2
8/8/2016,58.06
8/5/2016,57.96
8/4/2016,57.39
8/3/2016,56.97
8/2/2016,56.58
8/1/2016,56.58
07/29/2016,56.68
07/28/2016,56.21
07/27/2016,56.19
07/26/2016,56.76
07/25/2016,56.73
07/22/2016,56.57
07/21/2016,55.8
07/20/2016,55.91
07/19/2016,53.09
07/18/2016,53.96
07/15/2016,53.7
07/14/2016,53.74
07/13/2016,53.51
7/12/2016,53.21
7/11/2016,52.59
7/8/2016,52.3
7/7/2016,51.38
7/6/2016,51.38
7/5/2016,51.17
7/1/2016,51.16
06/30/2016,51.17
06/29/2016,50.54
06/28/2016,49.44
06/27/2016,48.43
06/24/2016,49.83
06/23/2016,51.91
06/22/2016,50.99
06/21/2016,51.19
06/20/2016,50.07
06/17/2016,50.13
06/16/2016,50.39
06/15/2016,49.69
06/14/2016,49.83
06/13/2016,50.14
6/10/2016,51.48
6/9/2016,51.62
6/8/2016,52.04
6/7/2016,52.1
6/6/2016,52.13
6/3/2016,51.79
6/2/2016,52.48
6/1/2016,52.85
05/31/2016,53
05/27/2016,52.32
05/26/2016,51.89
05/25/2016,52.12
05/24/2016,51.59
05/23/2016,50.03
05/20/2016,50.62
05/19/2016,50.32
05/18/2016,50.81
05/17/2016,50.51
05/16/2016,51.83
05/13/2016,51.08
5/12/2016,51.51
5/11/2016,51.05
5/10/2016,51.02
5/9/2016,50.07
5/6/2016,50.39
5/5/2016,49.94
5/4/2016,49.87
5/3/2016,49.78
5/2/2016,50.61
04/29/2016,49.87
04/28/2016,49.9
04/27/2016,50.94
04/26/2016,51.44
04/25/2016,52.11
04/22/2016,51.78
04/21/2016,55.78
04/20/2016,55.59
04/19/2016,56.39
04/18/2016,56.46
04/15/2016,55.65
04/14/2016,55.36
04/13/2016,55.35
4/12/2016,54.65
4/11/2016,54.31
4/8/2016,54.42
4/7/2016,54.46
4/6/2016,55.12
4/5/2016,54.56
4/4/2016,55.43
4/1/2016,55.57
03/31/2016,55.23
03/30/2016,55.05
03/29/2016,54.71
03/28/2016,53.54
03/24/2016,54.21
03/23/2016,53.97
03/22/2016,54.07
03/21/2016,53.86
03/18/2016,53.49
03/17/2016,54.66
03/16/2016,54.35
03/15/2016,53.59
03/14/2016,53.17
3/11/2016,53.07
3/10/2016,52.05
3/9/2016,52.84
3/8/2016,51.65
3/7/2016,51.03
3/4/2016,52.03
3/3/2016,52.35
3/2/2016,52.95
3/1/2016,52.58
02/29/2016,50.88
02/26/2016,51.3
02/25/2016,52.1
02/24/2016,51.36
02/23/2016,51.18
02/22/2016,52.65
02/19/2016,51.82
02/18/2016,52.19
02/17/2016,52.42
02/16/2016,51.09
2/12/2016,50.5
2/11/2016,49.69
2/10/2016,49.71
2/9/2016,49.28
2/8/2016,49.41
2/5/2016,50.16
2/4/2016,52
2/3/2016,52.16
2/2/2016,53
2/1/2016,54.71
01/29/2016,55.09
01/28/2016,52.06
01/27/2016,51.22
01/26/2016,52.17
01/25/2016,51.79
01/22/2016,52.29
01/21/2016,50.48
01/20/2016,50.79
01/19/2016,50.56
01/15/2016,50.99
01/14/2016,53.11
01/13/2016,51.64
1/12/2016,52.78
1/11/2016,52.3
1/8/2016,52.33
1/7/2016,52.17
1/6/2016,54.05
1/5/2016,55.05
1/4/2016,54.8
12/31/2015,55.48
12/30/2015,56.31
12/29/2015,56.55
12/28/2015,55.95
12/24/2015,55.67
12/23/2015,55.82
12/22/2015,55.35
12/21/2015,54.83
12/18/2015,54.13
12/17/2015,55.7
12/16/2015,56.13
12/15/2015,55.2
12/14/2015,55.14
12/11/2015,54.06
12/10/2015,55.27
12/9/2015,54.98
12/8/2015,55.79
12/7/2015,55.81
12/4/2015,55.91
12/3/2015,54.2
12/2/2015,55.21
12/1/2015,55.22
11/30/2015,54.35
11/27/2015,53.93
11/25/2015,53.69
11/24/2015,54.25
11/23/2015,54.19
11/20/2015,54.19
11/19/2015,53.94
11/18/2015,53.85
11/17/2015,52.97
11/16/2015,53.77
11/13/2015,52.84
11/12/2015,53.32
11/11/2015,53.65
11/10/2015,53.51
11/9/2015,54.16
11/6/2015,54.92
11/5/2015,54.38
11/4/2015,54.4
11/3/2015,54.15
11/2/2015,53.24
10/30/2015,52.64
10/29/2015,53.36
10/28/2015,53.98
10/27/2015,53.69
10/26/2015,54.25
10/23/2015,52.87
10/22/2015,48.03
10/21/2015,47.2
10/20/2015,47.77
10/19/2015,47.62
10/16/2015,47.51
10/15/2015,47.01
10/14/2015,46.68
10/13/2015,46.89
10/12/2015,47
10/9/2015,47.11
10/8/2015,47.45
10/7/2015,46.8
10/6/2015,46.75
10/5/2015,46.63
10/2/2015,45.57
10/1/2015,44.61
09/30/2015,44.26
09/29/2015,43.44
09/28/2015,43.29
09/25/2015,43.94
09/24/2015,43.91
09/23/2015,43.87
09/22/2015,43.9
09/21/2015,44.11
09/18/2015,43.48
09/17/2015,44.25
09/16/2015,44.3
09/15/2015,43.98
09/14/2015,43.04
9/11/2015,43.48
9/10/2015,43.29
9/9/2015,43.07
9/8/2015,43.89
9/4/2015,42.61
9/3/2015,43.5
9/2/2015,43.36
9/1/2015,41.82
08/31/2015,43.52
08/28/2015,43.93
08/27/2015,43.9
08/26/2015,42.71
08/25/2015,40.47
08/24/2015,41.68
08/21/2015,43.07
08/20/2015,45.66
08/19/2015,46.61
08/18/2015,47.27
08/17/2015,47.32
08/14/2015,47
08/13/2015,46.73
8/12/2015,46.74
8/11/2015,46.41
8/10/2015,47.33
8/7/2015,46.74
8/6/2015,46.62
8/5/2015,47.58
8/4/2015,47.54
8/3/2015,46.81
07/31/2015,46.7
07/30/2015,46.88
07/29/2015,46.29
07/28/2015,45.34
07/27/2015,45.35
07/24/2015,45.94
07/23/2015,46.11
07/22/2015,45.54
07/21/2015,47.28
07/20/2015,46.92
07/17/2015,46.62
07/16/2015,46.66
07/15/2015,45.76
07/14/2015,45.62
07/13/2015,45.54
7/10/2015,44.61
7/9/2015,44.52
7/8/2015,44.24
7/7/2015,44.3
7/6/2015,44.39
7/2/2015,44.4
7/1/2015,44.45
06/30/2015,44.15
06/29/2015,44.37
06/26/2015,45.26
06/25/2015,45.65
06/24/2015,45.64
06/23/2015,45.91
06/22/2015,46.23
06/19/2015,46.1
06/18/2015,46.72
06/17/2015,45.97
06/16/2015,45.83
06/15/2015,45.48
6/12/2015,45.97
6/11/2015,46.44
6/10/2015,46.61
6/9/2015,45.65
6/8/2015,45.73
6/5/2015,46.14
6/4/2015,46.36
6/3/2015,46.85
6/2/2015,46.92
6/1/2015,47.23
05/29/2015,46.86
05/28/2015,47.45
05/27/2015,47.61
05/26/2015,46.59
05/22/2015,46.9
05/21/2015,47.42
05/20/2015,47.58
05/19/2015,47.58
05/18/2015,48.01
05/15/2015,48.3
05/14/2015,48.72
05/13/2015,47.63
5/12/2015,47.35
5/11/2015,47.37
5/8/2015,47.75
5/7/2015,46.7
5/6/2015,46.28
5/5/2015,47.6
5/4/2015,48.24
5/1/2015,48.66
04/30/2015,48.64
04/29/2015,49.06
04/28/2015,49.16
04/27/2015,48.03
04/24/2015,47.87
04/23/2015,43.34
04/22/2015,42.99
04/21/2015,42.64
04/20/2015,42.91
04/17/2015,41.62
04/16/2015,42.16
04/15/2015,42.26
04/14/2015,41.65
04/13/2015,41.76
4/10/2015,41.72
4/9/2015,41.48
4/8/2015,41.42
4/7/2015,41.53
4/6/2015,41.55
4/2/2015,40.29
4/1/2015,40.72
03/31/2015,40.66
03/30/2015,40.96
03/27/2015,40.97
03/26/2015,41.21
03/25/2015,41.46
03/24/2015,42.9
03/23/2015,42.86
03/20/2015,42.88
03/19/2015,42.29
03/18/2015,42.5
03/17/2015,41.7
03/16/2015,41.56
03/13/2015,41.38
3/12/2015,41.02
3/11/2015,41.98
3/10/2015,42.03
3/9/2015,42.85
3/6/2015,42.36
3/5/2015,43.11
3/4/2015,43.06
3/3/2015,43.28
3/2/2015,43.88
02/27/2015,43.85
02/26/2015,44.06
02/25/2015,43.99
02/24/2015,44.09
02/23/2015,44.15
02/20/2015,43.86
02/19/2015,43.5
02/18/2015,43.53
02/17/2015,43.58
02/13/2015,43.87
2/12/2015,43.09
2/11/2015,42.38
2/10/2015,42.6
2/9/2015,42.36
2/6/2015,42.41
2/5/2015,42.45
2/4/2015,41.84
2/3/2015,41.6
2/2/2015,41.28
01/30/2015,40.4
01/29/2015,42.01
01/28/2015,41.19
01/27/2015,42.66
01/26/2015,47.01
01/23/2015,47.18
01/22/2015,47.13
01/21/2015,45.92
01/20/2015,46.39
01/16/2015,46.24
01/15/2015,45.48
01/14/2015,45.96
01/13/2015,46.36
1/12/2015,46.6
1/9/2015,47.19
1/8/2015,47.59
1/7/2015,46.23
1/6/2015,45.65
1/5/2015,46.33
1/2/2015,46.76
